Toll Plaza Name,Latitude,Longitude
Aganampudi,17.6864348,83.1377658
Amakathadu,15.4966125,77.877554
Annampalli,16.6760635,82.14280409999999
Badava,16.4372451,81.7513551
Bandaplli,13.0660978,79.0825114
Bandlapalli,14.6160228,77.7734749
Basapuram,15.9349176,77.3065663
Bathalapalli,14.5148606,77.7675538
Bellupada,19.0276818,84.5654381
Bollapalli,16.1878832,79.6872439
Brahmanapalli,16.5168351,79.8306076
Buchireddypalem,14.5351281,79.8772834
Budhanam,14.0720731,79.8893294
Chagalmarri,14.9625969,78.5916452
Chapirevula,15.4548021,78.4346936
Chilakapalem,18.2709159,83.8036656
Chillakallu,16.8935957,80.13867139999999
Chinaganjam Toll Plaza,15.6929955,80.24185779999999
Chintalapalem,14.4583371,79.3855749
Chitimiti Chintala,22.4051443,85.9381197
Cholasamudram,14.7414526,77.3518241
Danamaiahgari palli,20.593684,78.96288
Davuluru,16.4191814,80.792095
DC PALLI,14.6875773,79.5034293
Dukkavanipalem,17.8844469,83.354895
Dumpalagattu Paatimeeda Palli,14.6133556,78.7646228
Durgamvaripalli,13.7142622,78.87318479999999
Eathakota,16.764104,82.1034593
Gadanki,13.4593207,79.16843329999999
Gantyada,18.1426384,83.29311129999999
Gollaprolu,17.1532881,82.2862828
Gorribanda,18.5968049,84.0551768
Goshtani,20.593684,78.96288
Halaharvi,15.8267656,77.4465074
Jallipalli,17.3741449,79.9675356
Jodi Dharampuram,14.96373,77.92135259999999
Jonnada,16.7968931,81.86204769999999
Kalaparru,16.6697377,81.01204969999999
Kasepalli,15.0497778,77.6428737
Kaza,32.2275991,78.07099029999999
Keesara,17.5280399,78.6540576
Korlaphadu,16.359825,81.2449515
Krishnavaram,17.204071,82.1196764
Laxmipuram,18.3796492,84.084783
Madapam,18.3761661,83.9969103
Mahasamudram,13.1805073,79.0094081
Main Toll (Panchvati),20.0095493,73.7918777
Marripalem,17.740063,83.251907
Marur,30.9635748,74.86387119999999
Medapi,16.0360131,79.49710329999999
Mekalavaripalli,13.7511874,78.9920953
Mopidevi Toll Plaza,16.0634313,80.9243584
Mudiveedu,13.7075719,78.5075126
Munjuluru,16.3017392,81.2160809
Nannur,15.7184024,78.09371709999999
Nathavalasa/ Vizianagaram,18.0640813,83.52301229999999
Palempalli,14.4916898,78.8166373
Panchvati,20.0095493,73.7918777
Pandillapalli,17.1464178,80.1749516
Paninampalli Khalu,17.0576745,80.0325338
Panthangi,17.2427645,78.9563999
Patancheru (Prograssive Construction Toll) (MoRTH),17.5195868,78.27780659999999
Pottipadu,16.5770505,80.8668369
Pullur,10.3490148,76.24211849999999
Raikal,18.9105119,78.8092085
Rapur,14.1998609,79.5343786
Raviguntapalli,15.1984861,79.4422593
Reddypalem Toll Plaza,15.993588,80.5988081
Rolla,13.8429979,77.1010416
Sarandi Toll Plaza,19.4514669,79.315005
Secondary Toll (Gosthani Gate /Sheela Nagar),17.7138902,83.21215819999999
Seetharampuram,16.5120128,80.6418056
Shakhapur,16.518532,76.840383
Singarenipalli Toll Plaza,20.593684,78.96288
Sullurpet,13.7008756,80.0209065
Sunambatti (Musunuru),14.8519141,79.9877616
Tangatur,15.3417343,80.0346878
Thenepalli,16.8455636,79.1096103
Unguturu,16.8218926,81.4230383
Vaddupalli,14.1768641,79.31521939999999
Veeravalli,16.611797,80.91693839999999
Vempadu,16.5323435,81.4821335
Venkatachalam (Old Nellore),14.3258569,79.9231886
Yerradoddi,14.1672212,78.1364889
Balachera,24.9631122,92.7596404
Daboka (Mikirati Hawgaon),26.1231708,92.8600419
Dahalapara,20.593684,78.96288
Galia,20.593684,78.96288
Gangadhar Bridge (MoRTH),20.593684,78.96288
Kalia Bhomora Bridge (MoRTH),26.5986149,92.8574653
Madanpur,23.0089428,88.49123949999999
Manderdisa,25.655355,93.13627600000001
Mikirati Hawgaon,26.1231708,92.8600419
Nazirakhat,26.1216997,91.9233596
Patgaon,16.1271274,73.94626889999999
Raha(Saragaon),26.2468152,92.522269
Telipara,22.0762333,82.1583504
Asanpur,23.4230223,88.1367641
Babhniyawan Toll Plaza,25.4982341,84.4881711
Balgudar,25.1993114,86.0758979
Barsoni,25.7766523,87.5553451
Bhadeswar Toll Plaza,20.593684,78.96288
Bhagalpur,25.242453,86.9842256
Bishunpurwa,27.1099884,84.4933758
Chainwa (Chapraitha),26.0334685,84.4927201
Dalsagar Toll Plaza,25.5806703,84.0606505
Deederganj,20.593684,78.96288
Govindpur (Murli),25.4878564,81.8743365
Hariabara,26.1526741,87.445263
Jeerangachh,26.341209,88.0460894
Karigawan Toll Plaza,24.6812246,85.5058773
Khaikhat,26.3189171,87.90265269999999
Kharik,25.3674628,87.0021512
Kulhariya Toll Plaza,25.5802339,84.7686386
Mahanth Maniyari,26.0229797,85.44271529999999
Maithi,26.1183037,85.5689288
Malhipur Toll Plaza,25.4064022,86.0210857
Maranga,25.7412342,87.4635804
Mohania,25.1676631,83.61687870000002
Parsoni Khem,26.4540236,85.0259445
Pokhraira,26.1198698,85.38551439999999
Raje(Old Naraur),25.2430141,82.5009931
Routara,20.732484,86.3820191
Runnisaidpur,26.3726481,85.4927026
Saidpur Patedha,25.8010898,85.283887
Sasaram,24.9538803,84.01428659999999
Saukala,24.5995517,84.7028361
Shahpur,29.3501661,77.54761169999999
Thawe (Brindavan),26.4358508,84.3940259
Jia Bridge (MoRTH),26.8101953,92.8768388
Badayiguda,20.593684,78.96288
Bhojpuri,20.593684,78.96288
Chhuhipali Toll Plaza,21.2998227,82.9428248
Chotiya,22.7845931,82.460718
Dhank,21.7726231,70.1366499
Durg Bypass (Dhamdanaka),21.2105051,81.2571305
Jagtara,20.623936,81.43815330000001
Jhalmala Toll Plaza,21.8175617,83.43409179999999
Kharun (MoRTH),20.593684,78.96288
Kosa Nala (MoRTH),20.593684,78.96288
Kumhari,21.2477322,81.5161238
Limha Toll Plaza,22.2794897,82.3044871
Lodam Toll Plaza,22.9542351,84.36014019999999
Madanpur Toll Plaza,26.3090568,91.71620709999999
Maharajpur Toll Plaza,23.2944324,82.38397479999999
Mandir Hasaud,21.2237351,81.7654962
Maroud Toll Plaza,20.8952648,81.6868315
Mashora,19.6214925,81.6674687
Mudhiyapara Toll Plaza,22.1559498,81.2285911
Mudipar,21.2566943,82.4978012
Nandghat Bridge (MoRTH),21.9158188,81.7444281
Pachira,20.593684,78.96288
Paraghat,22.0301279,82.31543049999999
Sundar Nagar,28.6016775,77.2433795
Tarpongi,21.4941523,81.6904716
Thakurtola (End of Durg Bypass),21.6499603,80.97881869999999
Badarpur Elevated,28.5102495,77.2985884
Bhagan,24.3481276,86.8377211
Chhajju Nagar(EPE),28.5921077,77.5527704
Gadpuri,28.2524518,77.27783699999999
Ghamroj (Sohna),28.3226188,77.0578855
IGI Airport,28.5561437,77.0999623
Jita Kherli  Kiranj Toll Plaza,28.1900246,77.1887747
Karman,30.8681555,74.4713462
Kathuwas,28.1371007,76.3470861
Kherki Daula,28.4021855,76.9836323
Rasoolpur Sikrod,28.6959658,77.5081797
Sirohi Bahali,27.9207192,76.1305457
Ahmedabad,23.022505,72.5713621
Anand,22.5645175,72.928871
Anand Toll Plaza,22.5975501,72.98494710000001
Bagodara (MoRTH),22.638418,72.2019339
Bamanbore (MoRTH),22.4155343,71.0412338
Bhadbhid,22.0095894,72.0645932
Bhagwada,20.4344489,72.9134468
Bhalgam (Belgaum),15.8496953,74.4976741
Bharthan Karjan,22.0134605,73.1320101
Bharudi,22.0786543,70.7673969
Bhatia,20.593684,78.96288
Bhatwada (Godhra),21.2754892,73.48578309999999
Bhiladi,24.1954097,72.02714209999999
Bhirandiyara Fee Plaza,23.6712989,69.7137997
Bhordu,24.444167,71.726659
Boriach,20.8799172,73.0501203
Choryasi,21.308248,72.9551347
Dari,23.712424,85.3807886
Dumiyani,21.7510272,70.3368131
Gadoi,21.4257148,70.2873367
Gorsar,21.3330681,69.90149269999999
Kathpur,31.3068833,76.8072196
Khemana,24.237573,72.455283
Kobadi,21.6382525,72.1453156
Kuchadi,21.0617728,79.22854989999999
Limdi,23.0088266,74.15587119999999
Makhel,25.4294033,94.1293717
Mandal (Vyara),21.1104293,73.3861266
Mokha,22.1615534,77.9324565
Nadiad,22.6915853,72.86336349999999
Nadiad Toll Plaza,22.6966315,72.89681139999999
Nageshwari,20.593684,78.96288
Narmada Bridge ( Mandva ),21.9158166,73.3030715
Okhamadhi,22.1048324,69.1149051
Panthwada,24.4941021,72.2985518
Pithadiya,21.795399,70.65365179999999
Pithai,22.9057436,72.9357215
Radhvanaj (Kheda),22.7091187,72.7281884
Ring Raod,23.3339193,85.4036681
Ring Road (Ahmedabad),23.0304569,72.53273159999999
Rohisa,26.4759749,74.1892012
Samakhiyali,23.3050442,70.5055713
Sundarpara Toll Plaza,20.9017622,70.5152183
Surajbari,23.199128,70.7175203
Taran Toll Plaza,22.7414528,70.4885689
Undavariya/ Sirohi,24.8827147,72.8608948
Vadodara,22.3071588,73.1812187
Vadodra,22.3071588,73.1812187
Vaghasia,20.593684,78.96288
Vanana,22.0190006,70.03245
Vantada,23.6064648,73.2536836
Varahi,23.7920431,71.44262680000001
Vasad,22.4525996,73.0650234
Vavadikhurd,22.7896487,73.5329091
Velva Toll Plaza,20.8065298,70.8145914
Abubshahar,29.8599109,74.6151551
Alikan,29.6814728,75.12097039999999
Amrawali Khera,29.3622305,76.46932249999999
Badopatti,29.2745691,75.81271989999999
Bahri,20.593684,78.96288
Bainsi,29.0341485,76.4143406
Bamla,28.8066338,76.2452836
Bass,20.593684,78.96288
Bhago Majra,30.7572516,76.6109441
Bhalki,18.0503666,77.2183652
Bhavdeen,29.5464204,75.2158171
Bisalwas,28.4573789,75.8846204
Buchawas,28.6171759,74.88409
Chandlana,29.8633168,76.6362293
Chaudhriwas,29.00874619999999,75.6048047
Chautala,29.7807517,74.5221285
Chhara,28.6974457,76.71344959999999
Dabwali,29.948049,74.7341349
Dadri,28.5525772,77.55481
Dahar,29.3265024,76.93405729999999
Dighal,28.7694809,76.632607
Gangaycha Jatt,28.2722013,76.6185265
Ghaggar,29.44644872983873,74.51666611949518
Gharaunda (Karnal),29.5397333,76.9731017
Ghata Shamsabad Toll Plaza,27.7593534,77.01614359999999
Ghulal,30.8437482,76.1276465
Hilalpur Toll Plaza,28.2128673,77.12420449999999
Jaloli,17.887781,75.2420722
Jat Guwana,28.1176041,76.1834456
Jharothi,28.9334521,76.9376587
Jogewala,30.8330387,75.01584299999999
Kalinger Toll Plaza,20.593684,78.96288
Khalilpur Toll Plaza,28.1582097,77.15393209999999
Kharkhra,28.9367976,76.3666226
Khatkar,29.4030017,76.24501529999999
Kherari,28.7857136,76.36951669999999
Kheri Sharaf Ali,27.9462395,80.7787163
Kilazafargarh,29.0860267,76.429554
Kitlana,28.6792117,76.1747511
Landhari,29.3020809,75.660084
Ludana,29.2410185,76.5098017
Madina Korsan,28.9185062,76.4389549
Makrauli Kalan,28.9491511,76.6427152
Mohna,28.2226104,77.4443807
Morwala,28.639011,76.40279369999999
Narwana,29.5959853,76.1149662
Pabnawa,29.8895181,76.66148530000001
Panipat Elevated,29.3929529,76.9688942
Peont,29.631169,76.79911419999999
Pinan Toll Plaza,27.2352976,76.7581574
Ramayana (Mayar),25.0796234,84.4540213
Rohad,28.7425172,76.8072196
Saini Majra,30.8033669,76.7083984
Sheetal Toll Plaza,20.593684,78.96288
Shergarh,26.3253194,72.2926312
Thana,19.2183307,72.9780897
Baloh Fee Plaza,20.593684,78.96288
Dolhu Nallah (Raison),32.0718595,77.1302592
Moura Toll Plaza,31.2116442,76.64055929999999
Sanwara,30.8931111,77.0053459
Takoli Toll Plaza,31.7980989,77.1888709
Bann,26.2384964,81.0552184
Dondpur,25.8516192,81.8634132
Kaichachkoot,20.593684,78.96288
Lamber,30.7748952,76.48378079999999
Mada,20.593684,78.96288
Nashri,20.593684,78.96288
Edalhatu,23.1816778,85.5657476
Ghanghri (Kulgo ),24.0292526,85.9342873
Hazaribag,23.9924669,85.3636758
Hesmi (Mandar),23.4674957,85.0729949
Kauwakhoh (Hariharnath)Toll Plaza,24.5058349,84.2486539
Kokpara,22.4513845,86.589276
Kothiya,27.2883757,78.72211229999999
Nagwan Toll Plaza,24.0471619,85.38741399999999
Navasari,20.9467019,72.95203479999999
Pata,25.5969062,91.8878118
Patrachauli Toll Plaza,23.3214381,85.150843
Pundag,23.3456962,85.2705972
Pupunki,23.6975471,86.2018717
Putru,22.6837639,86.3959473
Rasoiya Dhamna,24.3151811,85.3988579
Sosokhurd,23.5493735,85.75512880000001
Tand Balidih,23.6665269,86.0581267
Attibele (BETPL),12.778963,77.7702029
Bagepalli,13.784605,77.7981834
Balenahalli,14.267297,76.5430429
Bankapur,14.9200706,75.2624898
Belekeri,14.7068533,74.2663499
Brahamarakotlu,12.8764969,75.00196679999999
Chalageri,14.5667481,75.7211578
Doddakarenahalli (Neelmangala ),13.0686968,77.3450155
Elevated Section/ Electronic City,12.8452145,77.6601695
Gabbur (MoRTH),16.3087949,77.15570629999999
Gabbur Toll Plaza,15.3186632,75.1399318
Gaddur  (Nangli),13.2083796,78.5149691
Gananguru Plaza,12.4704045,76.7625073
Ganebail Toll Plaza,15.6872213,74.490661
Goa Road Interchange,15.8939371,73.824171
Guilalu,14.049812,76.5614665
Gundmi ( Sasthan ),13.482031,74.7073692
Halligudi,15.4016194,75.8333986
Harwal,17.059433,76.6864524
Hattargi,16.1338722,74.51844009999999
Hazamady,20.593684,78.96288
Hebbalu,14.3817958,76.09285109999999
Hejamadi,13.1085041,74.7740939
Hirebagewadi,15.7738846,74.6444348
Hirehalli,13.2718135,77.180149
Hitnal,15.3309542,76.31284749999999
Holegadde,14.3667376,74.421785
Hoskote,13.0692593,77.7982428
Hulikunte,14.1385556,76.71850049999999
Jajirakallu Toll Plaza,20.593684,78.96288
K N Hundy,12.2130339,76.6629785
Kalghatagi Road Interchange,15.4414029,75.0126958
Kamkole,17.6480734,77.8078759
Kaniminini (LHS),20.593684,78.96288
Kannanakatte,14.554783,76.4297675
Kannegala,11.7803417,76.6008334
Kannolli,16.859048,76.1488639
Karabylu (Bellur Cross),12.9618004,76.7426701
Karajeevanahalli,13.6118167,76.9538278
Karwar Road Interchange,15.3482011,75.1333819
Kasaba (Bijapur),16.8301708,75.710031
Kaythsandra/Tumkur/Chokkanahalli,13.3141606,77.1460219
Kirisave (Kadabhalli),12.963765,76.6376612
Kognoli,16.5423384,74.3308864
Mangalgi,17.7533053,77.30085059999999
Mulbagal,13.1666533,78.39407369999999
Nagarhalla,16.2904811,75.92360359999999
Nalawadi,15.3659311,75.3415823
Nalluru Devanahalli,13.1974013,77.7638042
Narendra (MoRTH),20.593684,78.96288
Narendra Toll Plaza,15.4887404,74.96985149999999
Neelamangala  - Tumkur /Kulumepalya,13.097301,77.38563979999999
Rajatadripura Toll Plaza,13.3287754,76.6855045
Sadahalli,13.2111655,77.64609540000001
Shahapur,19.4520777,73.3279586
Shanthigrama,12.9838797,76.2181121
Sheshagirihalli Toll Plaza,12.840454,77.4184562
Shirur,18.8249767,74.3775524
Surathkal,12.9951009,74.80944579999999
Talapady,12.7646754,74.8890953
Tarihal Road Interchange,15.3733119,75.0762491
Thimmalapura,15.032695,76.36951669999999
Towards Bengaluru,12.9715987,77.5945627
Towards Neelmangla,13.097301,77.38563979999999
Vanagari,20.593684,78.96288
Yeddore,12.245793,76.8843467
Akkulam (MoRTH),8.5334906,76.90474379999999
Chullimada Hamlet (Pampampallam),10.8017652,76.78364909999999
Kollam,8.8932118,76.6141396
Kumbalam,9.9021698,76.3103929
Kundannur (MoRTH),10.7082247,76.21115069999999
Paliyekkara,10.445455,76.2582941
Panniyankara Toll Plaza,10.5910395,76.4585616
Ponnarimangalam,10.0045239,76.2616704
Thiruvallam,12.9823036,79.2592105
Thiruvangad Toll Plaza,20.593684,78.96288
Varapuzha Bridge (MoRTH),10.0728562,76.2815233
Allonia,20.593684,78.96288
Ashoka DSC Katni bypass (MoRTH),23.8343441,80.38938139999999
Bagwada,20.4344489,72.9134468
Baharagaon,22.3116064,77.2376414
Bahoripar (Khursi),23.0455201,79.92731529999999
Bakoli,28.816042,77.1419835
Barahi (MoRTH),28.7363632,76.89527629999999
Baretha (MoRTH),20.593684,78.96288
Bela,21.1518018,79.61371299999999
Bhuteda  (Entry Exit )Toll Plaza,23.6082814,75.145782
Borkhedi (Nagpur ByPass),20.8560864,78.96360190000001
Chapra (TP I),25.7811397,84.7543413
Chhegaon Makhan (Mokalgaon),21.8317669,76.2174935
Chikhalikala,21.8371442,78.4211826
Chitora,26.3215219,78.478036
Choundha,26.5179677,77.9690244
Dagrai,24.358935,77.5934621
Dalavada (Entry Exit ) Toll Plaza,20.593684,78.96288
Daroda,20.4667476,78.7709978
Dattigaon,22.7096833,74.8653331
Devgaon,19.5603269,73.1393861
Dhamnod  (Entry Exit ) Toll Plaza,22.2138885,75.4723411
Fulara,22.0379262,79.42779569999999
Gadha Toll Plaza,21.921406,77.73804179999999
Garoth (Entry Exit )Toll Plaza,24.328077,75.6499025
Goragaon Toll Plaza,25.971769,78.8367135
Guna Bypass,24.6323648,77.3001762
Gwalior Bypass (Mehra),26.2124007,78.1772053
Harshili,23.0096605,78.1535928
IDTL  B,20.593684,78.96288
IDTL A,20.593684,78.96288
Indore Dewas  (Indore Bypass),22.7280517,75.9328839
Indore Dewas (Indore side),22.8210374,75.93794840000001
Jaitpur,28.5082271,77.33079719999999
Jajau (Old Baretha),26.9431796,77.94102509999999
Jogipura,27.4068178,76.0134089
Joharia shaikh,20.593684,78.96288
Jungawani,21.8522135,79.1280402
Kachnaria,23.7301654,76.6921612
Kelwad,21.4612335,78.8771871
Khadda,26.9256035,83.9473019
Khalghat  (Indore - Khalghat),22.1568577,75.4453973
"Khalghat -MP/Maharashtra Border(Sendhwa, Jamli)",19.7514798,75.7138884
Khambara,21.693059,78.41266
Khawasa FP,21.7034654,79.4422593
Kherwasani,24.1301546,80.6021614
Khiriya,25.8918368,83.44167759999999
Koshta (MoRTH),20.593684,78.96288
Kundi Fee Plaza,20.593684,78.96288
Luharali,31.6563701,76.4971693
Madai,20.593684,78.96288
Majhgawan,24.9136699,80.8073259
Malthone,24.3045713,78.52792629999999
Mandwara,24.9558003,72.7714774
Mangaon Toll Plaza,21.9010125,75.6044531
Mansar (Kamptee - Kanhan Bypass)/ Tekadi,21.229727,79.2380664
Mauhari,24.43833,81.1223656
Methwada,22.6553998,75.55678209999999
Milanpur,26.4652908,91.4386366
Mohtara,21.6569215,82.4183927
Mudkheda,25.6789935,77.71659249999999
Mundiyar,26.9882143,73.6182979
Mungwari,22.6249915,77.6445785
Nayapura   (Entry Exit ) Toll Plaza,25.2012074,75.8566038
Neemthur (Entry Exit )Toll Plaza,24.5421896,75.7923778
Newli,23.371477,77.8281514
Nipaniya Toll Plaza,23.2824257,75.8214371
Odhaki Paipkhar,24.4048889,81.0789305
Pachwara,25.3777456,79.058856
Pagara,24.6421398,77.45298679999999
Pagariya (Semalkhedi )Toll Plaza,23.88617,76.1493891
Palhan Toll Plaza,24.7707638,81.4008738
Palkhanda Toll Plaza,23.0411329,75.9470498
Pandutala,22.364493,80.8156324
Panihaar,26.0982148,78.0281004
Para,23.5094899,86.5154448
Parvati Bridge (MoRTH),23.7102241,77.1830955
Patansawangi,21.3303408,79.02071269999999
Patariya Goyal,23.1319288,76.69035699999999
Patharahata,20.593684,78.96288
Pathroundi,20.593684,78.96288
Purankhedi,25.1669207,77.62210910000002
Raksha,20.593684,78.96288
Ramnagar,29.3947643,79.1264997
Rati Rampura Toll Plaza,26.6310223,78.1438742
Rojwas(TP II),23.3155322,76.18706809999999
Saliwada,23.1087241,80.0003875
Sarasdol,22.6007153,79.60037369999999
Sehatganj,23.26081,77.6321339
Sendurwafa,21.0839655,80.0150644
Shahdol (Dhuwar ),23.2893218,81.4320188
Shahpura,27.3842893,75.9611437
Sonkacch,22.9729348,76.3469014
Sonvarsaa,26.7690929,82.41703780000002
Sonvay (Indore - Khalghat),22.6235804,75.7676728
Talen (Mirzapur),25.1336987,82.5644344
Timarwani (Entry Exit ) Toll Plaza,23.0929137,74.54046939999999
Titarpani,23.2393589,79.050381
Ujara,25.1229205,79.73648229999999
Vishankheda,23.1992025,76.9326167
Anewadi,17.8051386,73.96243270000001
Ankadhal Toll Plaza,17.3560475,75.07863569999999
Arjunali,19.362911,73.1684081
Ashiv,18.0918947,76.3521514
Ashta Toll Plaza,18.469501,76.751685
Badewadi,19.0131607,76.196124
Baswant (Pimplegaon),20.1654012,73.9879323
Bhamb,19.752241,77.8310104
Bhokarwadi Malewadi,19.6106773,75.626628
Borgaon,18.4447416,75.2654063
Chachadgaon,20.2224829,73.67311959999999
Chalakwadi,19.1684468,74.07150299999999
Champa,22.0300039,82.6515036
Chandloi/ Rajgurunagar (MoRTH),18.8556627,73.887552
Chandwad,21.2319281,81.6220034
Charoti,19.9195519,72.9308968
Dasarkhed Toll Plaza,20.9727189,76.1796363
Dhoki,18.3712458,76.10445059999999
Dhumka Tondgaon,20.0209252,77.1657716
Dumberwadi,19.2425761,74.0079781
Fekri (MoRTH),21.0419781,75.8366908
Ghoti,19.714821,73.6261059
Gondkhairi ( Kondhali ),21.136345,78.6382871
Haldgaon,20.593684,78.96288
Hatnoor,19.5050654,76.5083562
Hirapur Toll Plaza,20.0934269,79.8380778
Hivargaon Pavsa,19.5109738,74.21499779999999
Husnapur,20.5437937,78.3074027
Ichgaon,17.6030783,75.6033497
Karanja (Ghadge),21.1627074,78.40839489999999
Kardha (MoRTH),21.1422593,79.67406629999999
Kardha Toll Plaza ( Bhnadara ),21.1395057,79.6755881
Karodi,19.8907068,75.21873459999999
Kasurdi (MoRTH),18.3410596,73.8713099
Kawdipath (MoRTH),20.593684,78.96288
Kelapur,19.9999499,78.5334307
Khaniwade,19.4986714,72.9098819
Kharbi,21.1348064,79.1401289
Kharegaon (MoRTH),19.2050447,72.9994986
Kharpada (MoRTH),18.831546,73.0929132
Khedshivapur,18.3440101,73.8430091
Kini,20.593684,78.96288
Kurankhed,20.6819265,77.2462628
Laling (Dhule),20.81993,74.7461427
Malegaon Toll Plaza,18.829867,77.01360199999999
Maliwadi  Bhokarwadi Toll Plaza,19.6106773,75.626628
Mathani,21.1427963,79.3866788
Medshi Sawarkhda,20.3272405,76.9427006
Millampalli,16.0825571,79.2958491
Moshi (MoRTH),18.6793699,73.8491808
Nandani Toll Plaza,17.4732182,75.85520609999999
Nandgaon Peth,21.021655,77.82386269999999
Nardana (MoRTH),21.1879926,74.82585619999999
Nashik Sinnar Tollways Ltd,19.9117027,73.9031799
Nashirabad,21.0017391,75.6582067
Nashirabad (MoRTH),21.0017391,75.6582067
Padalshingi,19.1529474,75.75567099999999
Pargaon,18.5600735,74.3733092
Patas,20.593684,78.96288
Penur Toll Palza,17.7783555,75.5242315
Phulwadi,22.3428781,73.16483149999999
Pimparwadi Toll Plaza,19.8110534,74.2756899
Salva Jaroda,19.5987422,77.3919617
Sardewadi / Indapur,18.09837,75.06513799999999
Savitri (MoRTH),20.593684,78.96288
Sawaleshwar,17.7521162,75.7605901
Selu Ambu,19.4532003,76.4389549
Selu Toll Plaza,18.6760359,76.39191009999999
Shembal Toll Plaza,20.593684,78.96288
Shirpur,21.3495981,74.8797127
Songir,21.0815474,74.78929509999999
Subgavhan Kh,20.8687015,74.9734805
Talmod,17.8275783,76.7516874
Tamalwadi,17.8413326,75.96301559999999
Taroda Kasba Toll Plaza,20.6659744,76.7200921
Tasawade,17.371022,74.1328046
Tidagundi,16.9791417,75.754592
Tiwasa (MoRTH),20.3550992,77.98314409999999
Undewadi (Supe) Toll Palza,20.593684,78.96288
Undri Toll Plaza,20.4375134,76.45789409999999
Vaidyakinhi Toll Plaza,18.7898486,75.5784702
Valsang Toll Plaza,17.5898796,76.0745723
Varwade,20.1743203,72.8929
Wadakbal (MoRTH),20.593684,78.96288
Wadgaon ( Umred ),20.8474101,79.32469309999999
Yedeshi,20.3625923,77.20027449999999
Deingpasoh,25.593873,92.04324009999999
Lomshinong,25.1693522,92.3936157
Pahammawlein,25.9932796,91.86049109999999
Pasyih,25.4807624,92.2888961
Badeibadkudar,20.593684,78.96288
Balibhasa,22.2455351,87.1048702
Banajodi (Padmapur),21.7177575,85.5843632
Bandalo (Old Manguli) Toll Plaza,20.593684,78.96288
Baragarh (Barhaguda),21.3548765,83.6765272
Bhagada Narayanpur Toll,20.9437602,86.3262831
Bolangir Toll Plaza,20.7407941,83.63107959999999
Darjing,21.9313504,84.89457089999999
Govindpur ( Brajarajnagar ),21.8284575,83.91759259999999
Gudipada (Old Gangapada),20.2035223,85.66861089999999
Gurapalli,19.6187071,85.11422069999999
Hasanpur (Sainkul),21.1169327,86.13574229999999
Jansanpur,21.4483189,85.3733809
Jhamudihi Toll Plaza,20.593684,78.96288
Jharpokhria Toll,22.1803875,86.6473133
Kadaligarh Toll PLaza,20.9594534,84.3136549
Kandra,22.8481542,86.0504111
Khamar,21.2639614,85.1967556
Khantaghar (Dhenkikote),21.5085424,85.82606679999999
Khereitangiri,21.7118616,85.69997889999999
Nunmath Toll Plaza,20.2829389,83.29609719999999
Paat Sahanipur (Pipli),20.1379876,85.8601388
Padmanavpur,20.5618513,85.595862
Panikholi,20.9121939,86.2285536
Pudapada Nildungri Toll Plaza,21.4538426,84.1105259
Rangamatia Toll Plaza,20.3659625,84.7937031
Sergarh,20.1704483,83.4510164
Srirampur,22.7505213,88.3405772
Sukhuapada,21.3784617,86.32482139999999
Abul Khurana Toll Plaza,30.1395861,74.5375693
Azizpur,30.5906722,76.75313009999999
Bachhuan,25.97703,85.38853329999999
Badbar,30.25299639999999,75.66444729999999
Balluana,30.22362129999999,74.78198189999999
Behram,31.2047726,75.89188109999999
Bhagupur Toll Plaza,31.2499858,74.82757939999999
Chahar,30.031106,75.9085792
Chak Bamniya,31.0174349,75.29991849999999
Chandimandir,30.7285106,76.8922729
Chhotian,29.7205185,75.3372095
Chiddan,31.6339875,74.6927354
Chollang,31.6081479,75.6444479
Dappar,30.5209905,76.81406930000001
Darapur Toll Plaza,30.8401266,74.9772849
Dhareri jattan,30.3946857,76.4989603
Dhilwan,31.509998,75.3353875
Ferozeshah,30.8776206,74.78929509999999
Gurhe  (Chowkiman ),30.83312669999999,75.57570199999999
Harsa Mansar,32.0584137,75.612807
Kala Tibba,30.889968,74.5064108
Kalajhar,30.2708322,76.15083849999999
Karahewala,31.0513835,75.06195389999999
Khuian Malkan,20.593684,78.96288
Kot Karor,30.8200677,74.91795429999999
Kurali (Behrampur),30.8307681,76.5800987
Ladhowal,30.9784526,75.7938309
Ladpalwan,32.1940552,75.54222680000001
Lehrabega Toll Plaza,30.2330182,75.1019522
Mallian Toll Plaza,30.4465307,75.43006129999999
Manan,31.280499,75.39267579999999
Milk Majra,30.2078281,77.19847779999999
Nijjarpura,31.570901,74.9946631
Paind,29.8972663,76.0921261
Usma,26.088208,85.8985046
Waryam Nangal,31.7498134,75.0289877
Zidda,20.593684,78.96288
Akhepura,27.0295939,75.82288989999999
Amoli,28.4454293,76.4982375
Aroli,11.9845571,75.38093599999999
Bad ka pada Fee plaza,20.593684,78.96288
Badhera Toll Plaza,31.5495261,76.1389236
Badighati,26.5338703,74.505312
Bagaliya,22.0223303,73.9506774
Baggad,22.7029003,75.44029929999999
Baggad (MoRTH),22.7029003,75.44029929999999
Bahala Toll Plaza,27.5273666,76.717188
Balana,30.320289,76.72932329999999
Banthadi,27.2740862,74.3528822
Barkheda (Chandlai),26.6864136,75.8780855
Barsalpur,28.1860531,72.2454448
Bassi,26.8419275,76.05211709999999
Beer Mandi,24.6614671,76.0232338
Bhandaraj Fee Plaza,21.1600173,77.2063436
Binawas,26.280702,73.3738169
Birami,26.1582006,73.2352525
Biratiya Kalan,26.1071115,74.0847673
Bor Charnan,25.1275788,71.5664607
Bungri,31.1278136,76.3362312
Butati (Kuchera),26.8980929,73.9844722
Chila Chond,26.6129885,77.5154422
Choti villor,20.593684,78.96288
Dakan Kotra,24.4790568,73.7419017
Dangiyawas,26.265717,73.28390739999999
Daulatpura,28.6497691,77.44044679999999
Deogarh,21.5383136,84.7289442
Deshnok,27.7967826,73.34383849999999
Dhadhar,28.3301603,75.06409099999999
Dhaneshwar,20.593684,78.96288
Dhulepura,27.5610626,75.5829782
Doli,26.0556674,72.6609428
Dungarpur Fee Plaza,23.8518813,73.72043049999999
Fatehpur,25.9209503,80.7996035
Gajangarh Toll Plaza,25.8356689,73.2234557
Gangajali,28.4539948,72.6032895
Gegal,26.5549877,74.7662575
Gogela fee Plaza,20.593684,78.96288
Gogunda (Jaswantgarh),24.755264,73.52847369999999
Gumanpura,25.170401,75.84703309999999
Harimma,27.2626529,73.859549
Hathitala,25.5559454,71.4358733
Hindor Toll Plaza,29.1012213,73.853973
Hingonia,27.0325113,75.46214669999999
Indranagar,23.8551147,91.30448249999999
Jaitpur (Jaipur),26.9124336,75.7872709
Jasnathnagar,26.7738202,72.8590653
Jaswantpura,24.8019253,72.4598398
Jathon Ki Dhani ( Hanuman Sagar ),20.593684,78.96288
Jojro Ka Khera,20.593684,78.96288
Kadisahena,25.6536557,74.99064589999999
Kair Fakir ki Dhani,26.6252397,71.2033907
Karel toll plaza,24.2127734,73.3524169
Khachrol,25.22741,75.06604089999999
Khandi Obari,23.9945706,73.6295469
Khara,30.5330832,74.7117591
Khedi,23.4564088,77.33674979999999
Kheerwa,27.2901326,72.32075309999999
Khudiyala,26.5219857,72.6875476
Kishangarh (Badgaon),26.5866303,74.8541759
Kishorepura,25.1690162,75.82797459999999
Kondar,25.5566675,77.959588
Korai,20.9646294,86.177719
Lakhasar,28.0986538,73.8696059
Lal Ka Khera,25.4933789,75.3106062
Lambiya Kalan,25.598264,74.5873348
Lasedi,28.7088387,75.4814672
LATHI,21.7268121,71.3884865
Laxmannagar,19.2404113,76.971507
Lilamba,26.0838927,74.0035709
Ludhawai,27.1802729,77.3984704
Malera,29.6729997,79.6431929
Malkisar,28.6696495,73.9065883
Manaklavo,20.593684,78.96288
Mandana,24.9458196,75.94342089999999
Mandawada (Gomati),23.5166711,91.63721500000001
Manoharpur,22.3730219,85.19717630000001
Meghawas,26.1445636,72.467236
Methoon,24.3953552,76.49679189999999
Moothli,25.6953154,72.28078959999999
Morani (Pokaran),26.9207919,71.92243549999999
Motisar (Kanori),20.9862759,71.09100339999999
Mujras,30.8146193,75.96883869999999
Narayanpura,23.0521705,72.54970689999999
Narsana,25.1188964,72.04089060000001
Narshinghgarh Toll Plaza,24.5523485,74.6664414
Nayagaon(RHS) (Staggered),30.7730251,76.793527
Negadiya,24.6021179,74.20399189999999
Nekawala,27.2365041,76.0594972
Netra,22.4323608,88.63619589999999
Nimbahera Toll Plaza,24.6239992,74.6892525
Nimbali Toll Plaza,26.0185675,73.0888646
Nimbaniya Ki Dhani (Bayatu),25.8970237,71.7665209
Nimbasar,26.1294892,71.2933602
Nimbi Jodha,27.5326783,74.34486489999999
Nokhra,27.6358866,72.6478161
Norangdesar,28.0749248,73.5465786
Ochadi toll plaza,24.825842,74.628798
Paduna,24.2801891,73.67201589999999
Pallai,25.8780813,75.9448725
Panchu,27.5037578,73.2058993
Parwa,31.1674458,75.74005629999999
Patau,25.9565073,72.391785
Patrauda,20.593684,78.96288
Piplaz,22.9572045,72.5583946
Rabawata,20.593684,78.96288
Raipur,21.2513844,81.62964130000002
Rajadhok,26.8589972,76.1040524
Rajora Khurd,26.8379008,77.71373059999999
Ramdevra,27.0083843,71.92219899999999
Rashidpura,19.8968015,75.3442618
Riasinghnagar(Thakri) and Patroda Toll Plaza,20.593684,78.96288
Rupa Kheda,23.0922156,75.1574567
Sakatpura(LHS)(Staggered),25.1799636,75.828701
Salasar,27.7254672,74.7249281
Sangana,25.3323393,72.1001434
Seora,27.5941985,72.35479149999999
Shahjahanpur,27.8753399,79.9147268
Shobhasar,27.7752774,74.7217445
Sidhpura Toll Plaza,24.0940171,74.7523623
Sikandra,27.217135,77.94667559999999
Simliya Toll Plaza,25.1699842,76.130611
Sirmandi,26.7730053,72.8292238
Sitarampura,26.7467226,75.7618593
SixML,29.8106211,73.8755075
Sonwa (Sonva),26.1157902,75.7894716
Tamdoli,26.8700893,74.2931218
Tankla,27.0286292,73.5137654
Tatiyawas,27.0897662,75.7415489
Thikariya (Jaipur),26.853538,75.6293796
Thirpali Badi,28.3917236,75.55678209999999
Tidiyasar,28.853265,74.7791482
Titoli,19.6936072,73.5864686
Uchharangdesar,20.593684,78.96288
Udairamsar,27.9354618,73.2942267
Uthamam,20.593684,78.96288
Athur (Tindivanam),12.2123655,79.6923047
Bogalur,9.4183655,78.74743529999999
Boothakudi,9.9912396,78.1208079
Chatrapatti Toll Plaza,10.4804498,77.63708009999999
Chennasamudram,11.060611,77.9053752
Chittampatti,9.9959856,78.22084009999999
Eliyarpathi,9.783006,78.0945416
Enamkariyanandal Toll plaza,12.2873114,79.0690826
Etturvattam,9.393071299999999,77.9124605
Gangarampalayam,11.9163135,79.6136156
H Pudhupatti,20.593684,78.96288
Kallakudi,10.9790683,78.9521511
Kaniyur,11.0932342,77.14684190000001
Kappalur,9.8358791,78.03380779999999
Kariyamangalam Fee Plaza,12.2870243,78.8304004
Keezhkuppam,11.5768802,78.9360853
Kodai Road (Kozhinjipatti ),11.5995909,78.1193823
Kodikottai,9.8945151,78.8466674
Kothattai,11.4695562,79.2205747
Kozhinjipatti (Kodai Road),11.5995909,78.1193823
Krishnagiri,12.5265661,78.2149575
Kurungudi  ( Veerananallur ),11.2627915,79.5406738
Lechchumanapatti,20.593684,78.96288
Lembalakudi,10.3214107,78.7229389
Managethi,11.1359812,79.2352468
Manavasi,10.9337876,78.2205563
Mathur,27.4924134,77.673673
Mettupatti,11.6648324,78.311672
Morattandi,11.978334,79.78890940000001
Nagampatti Fee Plaza,9.0009335,77.9503069
Nallur,14.0872194,75.8773594
Nangilikondan Fee Plaza,12.2543996,79.4619506
Nanguneri,8.4961056,77.6464534
Nathakkarai,11.5893073,78.7687256
Nemili (Sriperumbudur),12.98214,79.936869
Omallur,9.2467503,76.75096599999999
Palaya Gandharvakottai,10.5993614,79.0193594
Palayam (Dharmapuri),12.0739721,78.56979749999999
Pallikonda,12.9043057,78.94117779999999
Pamban Bridge (MoRTH),9.282935499999999,79.19553239999999
Paranur (Chengalpet),12.6978008,79.9761382
Pattaraiperumbudur (temporary TP),13.1545905,79.8254722
Ponnambalapatti,10.5481933,78.28036
Pudhurpandiyapuram,20.593684,78.96288
Pudur,13.1299346,80.1603018
Pudur,13.1299346,80.1603018
Rasampalayan,11.1936401,78.10696779999999
S V Puram,10.5748765,77.26483449999999
Salaipudhur,11.0600542,77.8860316
Samayapuram,10.9193856,78.74090749999999
Sengurichi,11.7141129,79.33316169999999
Shenbagampettai,10.1567899,78.6398737
Surapattu (Chennai Bypass II),13.0306395,80.1480335
Thennamadevi Toll plaza,11.9829029,79.48349309999999
Thirumandurai,11.3952512,79.0050497
Thirupathisaram Toll plaza,8.2061709,77.4606031
Thiruppachethi,9.774814400000002,78.3436859
Thirupparaithurai,10.8837786,78.5653754
Thuvakudi,10.7526158,78.82977009999999
U.Ponnalagaram,20.593684,78.96288
Vagaikulam ( Pudukottai ),10.3832867,78.800129
Vaigundam,11.5201656,77.9443084
Valavanthankottai,10.7694757,78.835433
Vallam Toll plaza,10.7140158,79.0701548
Vanagaram (Chennai Bypass),13.055372,80.1572161
Vaniyambadi,12.6824796,78.61673739999999
Veeracholapuram (West),11.9444311,79.2965535
Velampatti Toll Plaza,10.9935149,77.4181102
Velanchettiyur,10.7047089,77.93352759999999
Vennathur,9.5261736,78.89501450000002
Vijaymangalmam,11.2339659,77.5012864
Vikravandi(Villupuram),12.0375484,79.5461681
Bhiknoor,18.1860781,78.3981799
Chinthapally,16.801618,78.82013479999999
Chitlapalli,17.0995932,77.5676735
Dharmaram,18.3040648,79.4879685
Dilawarpur,19.0917821,78.22739490000001
Gamjal,19.0207864,78.3649791
Gowraram,17.7740667,78.653475
Gudur (Hyd-Yadgiri),16.748739,77.130872
Gummadidala,17.6847171,78.3685788
Indalwai,18.5378078,78.219132
Jawahar Nagar,26.8892814,75.8360422
Kadthal,16.983683,78.50076570000002
Komalla,17.7778892,79.3020406
Komatipalli,18.6021368,83.39563079999999
Konetipuram,16.0686547,80.7858634
Kothagudem,17.5559725,80.6169577
Manoharabad,17.7664207,78.46809019999999
Medipally Toll Plaza,17.4077808,78.60227669999999
Munnanur,16.3718379,78.7579215
Muthojipet,17.9587363,79.91297349999999
Pippalwada,19.7770846,78.5682144
Rolmamda,19.2800574,78.40935019999999
Singarajupally,17.5914923,79.2648481
Taddanpally Toll Plaza,17.6965948,78.0954136
Yerkaram,17.2301687,79.57076769999999
Aaini,16.3475697,74.04763779999999
Aashpur,23.0004803,87.71787739999999
Ahamadpur,20.9442152,77.4271665
Aihar,26.1919471,81.02577629999999
Aindhi,26.3594516,80.8516173
Ait,20.593684,78.96288
Akshda,20.593684,78.96288
Akwabad,26.3309349,80.7106168
Aliyapur,26.0725709,80.1637901
Amdi,20.7702146,81.4913696
Amora Moiddinpur,25.9789642,83.0566661
Anantram,26.603316,79.2585058
Andhiyari,27.0898049,82.2352397
Asroga,26.2988246,81.9500719
Atraila Shiv Ghulam,24.9619252,82.3058442
Babina,25.249456,78.4623211
Badagawn,27.0459008,74.81123269999999
Badauri,26.0650253,80.6584211
Baiti Kala Toll Plaza,26.0544377,82.33940419999999
Baleni,28.9530773,77.453704
Bamhori Kurmin,23.7165612,77.3180836
Bara,30.9175403,76.5206421
Barajore (Bara),30.9175403,76.5206421
Baros,20.593684,78.96288
Basheerapur Toll Plaza,27.0735547,79.8432637
Belgada,27.1166959,82.89631349999999
Belon,20.593684,78.96288
Bhaneda Toll Plaza,29.5304862,78.2675478
Bharatkund,26.6479829,82.1356625
Bhojpur,25.466155,84.5222189
Bhuni,30.200863,76.6557102
Bilakbarpur (Dundahera )(EPE),28.5134376,77.0801899
Brijghat,28.7556499,78.1407651
Cable Stayed Naini Bridge,25.4268792,81.8613842
Chapwa,26.730777,84.7485315
Chaukadi,24.678755,75.2595731
Chhajarsi,28.6287586,77.39590969999999
Chota Mawana Toll Plaza,29.0915877,77.859747
Daffi,25.2444365,82.9797246
Dakhina Sekhpur,26.5314137,81.072706
Dasna EPE,28.6789231,77.5317819
Dasna(EPE),28.6789231,77.5317819
Duhai(EPE),28.7324588,77.4804808
Dularpur,26.2253333,86.0306502
Etaura Bujurg,26.485778,83.3161387
Faridpur,28.2091237,79.53776169999999
Fatehpur Rampur(EPE),28.443616,77.5884481
Golhaura Fee Plaza,27.232686,82.8253514
Gopalpur Toll Plaza,25.1660947,82.48007729999999
Gulalpurva,27.8253709,81.52398459999999
Gulhaura,27.232686,82.8253514
Gurau (Semra Atikabad),26.9786729,78.7858712
Hadawa,26.0308641,82.8075032
Handia,25.3627247,82.18987030000001
Harro,25.1222719,81.7540902
Hauj,25.6729473,82.7270537
Hitouta,20.593684,78.96288
Itaunja (Barabhari),27.0808218,80.89588429999999
Jagahedi,29.4726817,77.7085091
Jakhauli(EPE),28.5921077,77.5527704
Jindpur,27.2317356,78.89664259999999
Jiwana,29.0926934,77.369282
Jorwara,25.2477941,81.27665979999999
Joya,28.8352964,78.4707363
Kaithi,25.5315543,86.6869172
Kashi,25.3176452,82.9739144
Katoghan,25.7428668,81.1582112
Khairabad (Karondi),23.3308106,79.8142658
Khanna,30.70707689999999,76.2169907
Khokhraj,20.593684,78.96288
Kiratpur Toll Plaza,27.7915931,78.28642909999999
Kunwarpur,25.6754053,82.32484099999999
Kurana,23.3295013,77.31698089999999
Labhera  Toll plaza,28.4680329,79.5231075
Lalanagar,25.2754645,82.48504799999999
Laxmannath,21.8411304,87.21906469999999
Luhari,28.3732269,76.7156143
Madrak,27.7950439,78.089439
Mahuvan,24.0035626,86.1471939
Maigalganj,27.7172982,80.3449831
Mandawnagar,26.8107045,82.73146890000001
Maujpur (EPE),28.6906285,77.2764329
Mawikalan(EPE),29.0259073,77.4443807
Mirzapur  ( Kyampur ) fee plaza,25.6812762,83.5403324
Mohammad Ibrahimpur,28.572242,78.8014505
Mungari,25.3066032,81.948026
Muzaina Hetim,26.73393,83.807436
Nainsar,27.2082357,83.25327709999999
Nawabganj,22.7947584,88.3639986
Nawabganj,22.7947584,88.3639986
Niyamatpur Ekrotiya,28.8143139,78.9023043
Nuruddinpur,26.0956784,83.0354663
Patni Pratapur,29.5304909,77.1989389
Pidhi,26.2741429,81.4114142
Plaza 1,20.593684,78.96288
Plaza 2,20.593684,78.96288
Pratappur  Toll Plaza,25.1773595,82.97347690000001
Raibha,27.1776846,77.80670649999999
Ramnagar Gansiyari,25.7173949,81.90573189999999
Rampura,24.4661518,75.44175589999999
Rasulpur Mu Mithegaon,26.6571732,82.00528829999999
Raunahi,26.7690147,82.01619029999999
Sabli,23.8673293,73.57266340000001
Sahson,25.4848216,81.98048159999999
Salemgarh,26.6192462,84.2568529
Sarai Sundar,27.1441916,79.5336477
Semraraja,27.0714045,83.6094612
Semri,27.6898291,77.5297468
Shahabpur,31.07875079999999,76.1877926
Sherpur Chamaraha,26.8184263,83.2857186
Shrishikalan,20.593684,78.96288
Siwaya,28.6413336,77.6851069
Somna (Gabana),28.0569882,77.93924
Soraon,25.6070169,81.8497567
Tamsabad,29.4061685,77.12766289999999
Tarwa Dewa,27.1930926,79.37330639999999
Tendua (Gorakhpur Bypass),26.7063173,83.3902835
Thiriyakhetal,20.593684,78.96288
Tundla,27.2263843,78.2425418
Ukasa ( Chamari),20.593684,78.96288
Umapur,19.2963455,75.59803959999999
Vighakhet,24.7896466,78.4487648
Bahadrabad,29.9195136,78.0409416
Banushi,20.593684,78.96288
Bhagwanpur,29.941693,77.8141191
Chhapar,27.8185932,74.43790729999999
Deoria,26.5024286,83.7791283
Jagatpur Patti,29.2456199,78.8807247
Koyla,20.593684,78.96288
Lacchhiwala,30.2230212,78.07660360000001
Puraini,25.5961766,86.9918988
Rawason Bridge (MoRTH),20.593684,78.96288
Sarsawa,30.0197627,77.3984704
Sayed Mazera,20.593684,78.96288
Banskopa,23.4919176,87.3748863
Barai Toll Plaza,25.6709171,88.08016529999999
Beliyad,23.7616484,86.8057142
Chakseherdi (Gazole) Bagsarai,24.8164058,87.9751299
Dankuni,22.6809296,88.29701419999999
Debra,20.593684,78.96288
Ghogarkuthi,26.3230195,89.6404628
Gopgram (Shibpur),22.5712985,88.31085019999999
Guabari,26.3573126,90.17056869999999
Husludanga,26.5572389,88.9141424
Jaladhulagori (Dhulagarh),22.5731795,88.18176489999999
Kalapathar,22.9023968,86.8897655
Kishorpur (Chandermore),23.8902923,88.54444749999999
Lakshmipur (Eighteen Mile ),20.593684,78.96288
Mejia,20.593684,78.96288
Namkhna,21.7699486,88.23151299999999
Nivedita Setu,22.6524934,88.3536768
Palsit,23.2060117,88.0045062
Panikauri,26.5780132,88.51815409999999
Paschim Madati,26.5442929,88.2412504
Rajchandrapur  (Howrah),22.6550289,88.3172494
Rangalibazna,26.6677886,89.19202279999999
Sali Bamandanga,23.6290356,88.360083
Satbhaiya,26.6707618,88.2193381
Sonapetya,22.3341108,87.8776824
Sulkhapara,26.85739,88.90785269999999
Surjapur,25.9402263,87.8464254
